{"cameraMode":{"drawMode":0,"name":"Shaded","section":"Shading Mode"},"sceneLighting":false,"audioPlay":false,"sceneViewState":{"showFog":true,"showMaterialUpdate":false,"showSkybox":true,"showFlares":true,"showImageEffects":true,"showParticleSystems":true},"in2DMode":false,"pivot":{"x":6.103710174560547,"y":0.7783325910568237,"z":5.355586051940918},"rotation":{"x":-0.13623294234275819,"y":0.04663892462849617,"z":-0.006421289872378111,"w":-0.9895575642585754},"size":4.251977920532227,"orthographic":false}