{"cameraMode":{"drawMode":0,"name":"Shaded","section":"Shading Mode"},"sceneLighting":false,"audioPlay":false,"sceneViewState":{"showFog":true,"showMaterialUpdate":false,"showSkybox":true,"showFlares":true,"showImageEffects":true,"showParticleSystems":true},"in2DMode":false,"pivot":{"x":3.7750511169433595,"y":1.0527455806732178,"z":2.0330381393432619},"rotation":{"x":0.00911305658519268,"y":0.931959331035614,"z":0.02348027005791664,"w":-0.3616870045661926},"size":1.551978349685669,"orthographic":false}